[
  {
    "id": "aaf55e90-1d1b-4e7c-91b4-6c066df8dee2",
    "thread_id": "28b1bc14-086c-4ff1-8050-c3ad2e6a2cd3",
    "timestamp": "2025-06-08T12:46:39.612493",
    "sender": "frontend@localhost",
    "receiver": "bot@localhost",
    "text": "Bonjour",
    "components": [],
    "extensions": {}
  },
  {
    "id": "a7e32b17-2153-499b-9d4b-310253991264",
    "thread_id": "28b1bc14-086c-4ff1-8050-c3ad2e6a2cd3",
    "timestamp": "2025-06-08T12:46:39.612505",
    "sender": "bot@localhost",
    "receiver": "frontend@localhost",
    "text": "Message re\u00e7u \ud83d\udc4c",
    "components": [
      {
        "TYPE": "binaryQuestion",
        "question": "Voulez-vous continuer ?",
        "answer": null,
        "type": "binaryQuestion"
      }
    ],
    "extensions": {}
  },
  {
    "id": "d25497a9-c684-475a-9372-75308f294d44",
    "thread_id": "28b1bc14-086c-4ff1-8050-c3ad2e6a2cd3",
    "timestamp": "2025-06-08T12:52:19.376915",
    "sender": "frontend@localhost",
    "receiver": "bot@localhost",
    "text": "Hello",
    "components": [],
    "extensions": {}
  },
  {
    "id": "840c09c8-7151-4332-881f-b595910918b6",
    "thread_id": "28b1bc14-086c-4ff1-8050-c3ad2e6a2cd3",
    "timestamp": "2025-06-08T12:52:19.376921",
    "sender": "bot@localhost",
    "receiver": "frontend@localhost",
    "text": "Message re\u00e7u \ud83d\udc4c",
    "components": [
      {
        "TYPE": "binaryQuestion",
        "question": "Voulez-vous continuer ?",
        "answer": null,
        "type": "binaryQuestion"
      }
    ],
    "extensions": {}
  }
]