[
  {
    "id": "aaf55e90-1d1b-4e7c-91b4-6c066df8dee2",
    "thread_id": "5f64660a-09d2-4951-a1fd-abe3aecc2c10",
    "timestamp": "2025-06-08T12:46:39.612493",
    "sender": "frontend@localhost",
    "receiver": "bot@localhost",
    "text": "Bonjour",
    "components": [],
    "extensions": {}
  },
  {
    "id": "a7e32b17-2153-499b-9d4b-310253991264",
    "thread_id": "5f64660a-09d2-4951-a1fd-abe3aecc2c10",
    "timestamp": "2025-06-08T12:46:39.612505",
    "sender": "bot@localhost",
    "receiver": "frontend@localhost",
    "text": "Message re\u00e7u \ud83d\udc4c",
    "components": [
      {
        "TYPE": "binaryQuestion",
        "question": "Voulez-vous continuer ?",
        "answer": null,
        "type": "binaryQuestion"
      }
    ],
    "extensions": {}
  },
  {
    "id": "538625bb-58a3-409e-b5da-1fa74c56c502",
    "thread_id": "5f64660a-09d2-4951-a1fd-abe3aecc2c10",
    "timestamp": "2025-06-08T12:46:42.166708",
    "sender": "frontend@localhost",
    "receiver": "bot@localhost",
    "text": "Bonjour",
    "components": [],
    "extensions": {}
  },
  {
    "id": "5d6d35b1-dd69-4ac6-84ed-07c347a5d68d",
    "thread_id": "5f64660a-09d2-4951-a1fd-abe3aecc2c10",
    "timestamp": "2025-06-08T12:46:42.166714",
    "sender": "bot@localhost",
    "receiver": "frontend@localhost",
    "text": "Message re\u00e7u \ud83d\udc4c",
    "components": [
      {
        "TYPE": "binaryQuestion",
        "question": "Voulez-vous continuer ?",
        "answer": null,
        "type": "binaryQuestion"
      }
    ],
    "extensions": {}
  }
]